# x_m, y_m, w_tr_right_m, w_tr_left_m
# levine centerline (one frame for every levine map), 499 points, 61.78 m, counter-clockwise; finish line = first point. Source: lev_blocked_source.csv; widths measured from the map by autograder/labs/lab3/make_centerline.py
0.0310, -0.0691, 0.9750, 0.7000
0.1550, -0.0680, 0.9750, 0.7000
0.2792, -0.0671, 0.9750, 0.7000
0.4035, -0.0663, 0.9750, 0.7000
0.5279, -0.0656, 0.9750, 0.7000
0.6523, -0.0649, 0.9750, 0.7000
0.7769, -0.0643, 0.9750, 0.7000
0.9015, -0.0638, 0.9750, 0.7000
1.0263, -0.0634, 0.9750, 0.7000
1.1511, -0.0630, 0.9750, 0.7000
1.2760, -0.0627, 0.9750, 0.7000
1.4010, -0.0624, 0.9750, 0.7000
1.5261, -0.0622, 0.9750, 0.7000
1.6512, -0.0620, 0.9750, 0.7000
1.7765, -0.0618, 0.9750, 0.7000
1.9018, -0.0616, 0.9750, 0.7000
2.0271, -0.0614, 0.9750, 0.7000
2.1526, -0.0613, 0.9750, 0.7000
2.2781, -0.0611, 0.9750, 0.7000
2.4037, -0.0609, 0.9750, 0.7000
2.5293, -0.0607, 0.9750, 0.7000
2.6550, -0.0604, 0.9750, 0.7000
2.7808, -0.0602, 0.9750, 0.7000
2.9066, -0.0598, 0.9750, 0.7000
3.0325, -0.0595, 0.9750, 0.7000
3.1584, -0.0590, 0.9750, 0.7000
3.2843, -0.0585, 0.9750, 0.7000
3.4104, -0.0580, 0.9750, 0.7000
3.5364, -0.0573, 0.9750, 0.7000
3.6625, -0.0566, 0.9750, 0.7000
3.7887, -0.0557, 0.9750, 0.7000
3.9149, -0.0548, 0.9750, 0.7000
4.0411, -0.0538, 0.9750, 0.7000
4.1673, -0.0526, 0.9750, 0.7000
4.2936, -0.0513, 0.9750, 0.7000
4.4199, -0.0499, 1.0000, 0.6750
4.5463, -0.0484, 1.0000, 0.6750
4.6726, -0.0467, 1.0000, 0.6750
4.7990, -0.0448, 1.0000, 0.6750
4.9254, -0.0428, 1.0000, 0.6750
5.0518, -0.0406, 1.0000, 0.6750
5.1783, -0.0383, 1.0000, 0.6750
5.3047, -0.0357, 1.0000, 0.6750
5.4312, -0.0330, 1.0000, 0.6750
5.5576, -0.0301, 1.0000, 0.6750
5.6841, -0.0270, 1.0000, 0.6750
5.8106, -0.0237, 1.0250, 0.6500
5.9371, -0.0201, 1.0250, 0.6500
6.0636, -0.0163, 1.0250, 0.6500
6.1901, -0.0123, 1.0250, 0.6500
6.3165, -0.0081, 1.0250, 0.6500
6.4430, -0.0036, 1.0250, 0.6500
6.5695, 0.0012, 1.0500, 0.6250
6.6959, 0.0062, 1.0500, 0.6250
6.8224, 0.0114, 1.0500, 0.6250
6.9488, 0.0170, 1.0500, 0.6250
7.0752, 0.0228, 1.0500, 0.6250
7.2016, 0.0289, 1.0750, 0.6000
7.3279, 0.0354, 1.0750, 0.6000
7.4543, 0.0421, 1.0750, 0.6000
7.5806, 0.0491, 1.1000, 0.6000
7.7068, 0.0565, 1.1000, 0.5750
7.8331, 0.0642, 1.1000, 0.5750
7.9593, 0.0722, 1.1000, 0.5750
8.0853, 0.0807, 1.1250, 0.5500
8.2107, 0.0901, 1.1250, 0.5500
8.3349, 0.1009, 1.1500, 0.5500
8.4575, 0.1136, 1.1500, 0.5250
8.5780, 0.1286, 1.1750, 0.5250
8.6959, 0.1463, 1.2500, 0.5000
8.8107, 0.1672, 1.3250, 0.4750
8.9220, 0.1918, 1.3750, 0.4500
9.0292, 0.2205, 1.4250, 0.4250
9.1318, 0.2539, 1.4750, 0.6250
9.2294, 0.2923, 1.5500, 0.7750
9.3216, 0.3362, 1.6750, 0.8750
9.4077, 0.3861, 1.8000, 0.9000
9.4873, 0.4424, 1.7750, 0.9250
9.5600, 0.5056, 1.4750, 0.9250
9.6252, 0.5762, 1.2500, 0.9250
9.6828, 0.6542, 1.0750, 0.9250
9.7333, 0.7393, 0.9750, 0.9250
9.7770, 0.8310, 0.8750, 0.9500
9.8145, 0.9288, 0.8250, 0.9500
9.8463, 1.0322, 0.7750, 0.9750
9.8728, 1.1407, 0.7250, 0.9750
9.8946, 1.2539, 0.7000, 1.0000
9.9120, 1.3712, 0.6750, 1.0000
9.9257, 1.4923, 0.6750, 1.0250
9.9360, 1.6165, 0.6500, 1.0250
9.9436, 1.7434, 0.6500, 1.0250
9.9487, 1.8726, 0.6500, 1.0250
9.9520, 2.0035, 0.5750, 1.0500
9.9539, 2.1357, 0.5750, 1.0500
9.9549, 2.2687, 0.5750, 1.0500
9.9554, 2.4019, 0.5750, 1.0500
9.9558, 2.5353, 0.5750, 1.0500
9.9560, 2.6686, 0.5750, 1.0500
9.9560, 2.8020, 0.5750, 1.0500
9.9559, 2.9354, 0.5750, 1.0500
9.9557, 3.0687, 0.5750, 1.0500
9.9552, 3.2021, 0.5750, 1.0500
9.9546, 3.3354, 0.5750, 1.0500
9.9538, 3.4688, 0.5750, 1.0500
9.9529, 3.6020, 0.5750, 1.0500
9.9518, 3.7352, 0.5750, 1.0500
9.9505, 3.8684, 0.5750, 1.0500
9.9491, 4.0015, 0.6000, 1.0250
9.9475, 4.1345, 0.6000, 1.0250
9.9458, 4.2674, 0.6000, 1.0250
9.9438, 4.4002, 0.6000, 1.0250
9.9417, 4.5329, 0.6000, 1.0250
9.9395, 4.6655, 0.6000, 1.0250
9.9370, 4.7980, 0.6000, 1.0250
9.9344, 4.9303, 0.6000, 1.0250
9.9316, 5.0625, 0.6000, 1.0250
9.9287, 5.1945, 0.6000, 1.0250
9.9256, 5.3264, 0.6000, 1.0250
9.9223, 5.4581, 0.6250, 1.0000
9.9188, 5.5896, 0.6250, 1.0000
9.9152, 5.7209, 0.6250, 1.0000
9.9114, 5.8520, 0.6250, 1.0000
9.9074, 5.9829, 0.6250, 1.0000
9.9032, 6.1136, 0.6250, 1.0000
9.8989, 6.2441, 0.6500, 1.2250
9.8944, 6.3743, 0.6500, 1.2250
9.8896, 6.5041, 0.6500, 1.2250
9.8842, 6.6333, 0.6500, 1.2250
9.8776, 6.7614, 0.6500, 1.2250
9.8696, 6.8879, 0.6750, 1.2000
9.8595, 7.0125, 0.6750, 1.2000
9.8469, 7.1348, 0.7000, 0.9000
9.8315, 7.2543, 0.7250, 0.8750
9.8127, 7.3707, 0.7250, 0.8750
9.7902, 7.4835, 0.7750, 0.8500
9.7635, 7.5923, 0.8000, 0.8250
9.7320, 7.6968, 0.8500, 0.8000
9.6955, 7.7964, 0.9000, 0.8000
9.6534, 7.8909, 0.9750, 0.7750
9.6054, 7.9797, 1.0750, 0.7500
9.5508, 8.0625, 1.2250, 0.7250
9.4894, 8.1389, 1.4000, 0.7000
9.4210, 8.2087, 1.6250, 0.6750
9.3460, 8.2722, 1.4750, 0.7000
9.2647, 8.3299, 1.3250, 0.6750
9.1777, 8.3820, 1.2000, 0.7000
9.0853, 8.4288, 1.1000, 0.7250
8.9880, 8.4707, 1.0500, 0.7500
8.8861, 8.5081, 0.9750, 0.7750
8.7801, 8.5413, 0.9250, 0.8000
8.6704, 8.5706, 0.9000, 0.8250
8.5574, 8.5963, 0.8500, 0.8500
8.4416, 8.6189, 0.8250, 0.8750
8.3234, 8.6385, 0.8000, 0.8750
8.2032, 8.6557, 0.8000, 0.9000
8.0813, 8.6707, 0.7750, 0.9250
7.9583, 8.6839, 0.7500, 0.9250
7.8345, 8.6955, 0.7500, 0.9250
7.7103, 8.7059, 0.7250, 0.9500
7.5855, 8.7150, 0.7250, 0.9500
7.4604, 8.7230, 0.7250, 0.9500
7.3348, 8.7298, 0.7000, 0.9750
7.2088, 8.7355, 0.7000, 0.9750
7.0825, 8.7402, 0.7000, 0.9750
6.9558, 8.7439, 0.7000, 0.9750
6.8288, 8.7466, 0.7000, 0.9750
6.7015, 8.7484, 0.7000, 0.9750
6.5739, 8.7493, 0.7000, 0.9750
6.4461, 8.7494, 0.7000, 0.9750
6.3180, 8.7488, 0.7000, 0.9750
6.1897, 8.7473, 0.7000, 0.9750
6.0612, 8.7452, 0.7000, 0.9750
5.9326, 8.7425, 0.7000, 0.9750
5.8038, 8.7391, 0.7000, 0.9750
5.6748, 8.7352, 0.7000, 0.9750
5.5458, 8.7307, 0.7000, 0.9750
5.4167, 8.7258, 0.7000, 0.9750
5.2875, 8.7204, 0.7250, 0.9500
5.1583, 8.7147, 0.7250, 0.9500
5.0291, 8.7086, 0.7250, 0.9500
4.8999, 8.7022, 0.7250, 0.9500
4.7707, 8.6956, 0.7500, 0.9250
4.6416, 8.6887, 0.7500, 0.9250
4.5125, 8.6817, 0.7500, 0.9250
4.3836, 8.6746, 0.7750, 0.9250
4.2547, 8.6674, 0.7750, 0.9000
4.1260, 8.6602, 0.7750, 0.9000
3.9975, 8.6529, 0.7750, 0.9000
3.8692, 8.6458, 0.8000, 0.8750
3.7410, 8.6387, 0.8000, 0.8750
3.6131, 8.6317, 0.8000, 0.8750
3.4853, 8.6248, 0.8250, 0.8750
3.3578, 8.6181, 0.8250, 0.8500
3.2304, 8.6114, 0.8250, 0.8500
3.1032, 8.6048, 0.8250, 0.8500
2.9762, 8.5984, 0.8500, 0.8250
2.8493, 8.5920, 0.8500, 0.8250
2.7226, 8.5858, 0.8500, 0.8250
2.5961, 8.5797, 0.8500, 0.8250
2.4697, 8.5737, 0.8750, 0.8000
2.3435, 8.5678, 0.8750, 0.8000
2.2174, 8.5620, 0.8750, 0.8000
2.0914, 8.5563, 0.8750, 0.8000
1.9656, 8.5508, 0.9000, 0.8000
1.8399, 8.5453, 0.9000, 0.7750
1.7143, 8.5400, 0.9000, 0.7750
1.5888, 8.5349, 0.9000, 0.7750
1.4635, 8.5298, 0.9000, 0.7750
1.3382, 8.5249, 0.9250, 0.7750
1.2131, 8.5201, 0.9250, 0.7500
1.0880, 8.5154, 0.9250, 0.7500
0.9630, 8.5108, 0.9250, 0.7500
0.8381, 8.5064, 0.9250, 0.7500
0.7132, 8.5021, 0.9250, 0.7500
0.5885, 8.4980, 0.9500, 0.7250
0.4638, 8.4940, 0.9500, 0.7250
0.3391, 8.4901, 0.9500, 0.7250
0.2145, 8.4863, 0.9500, 0.7250
0.0900, 8.4827, 0.9500, 0.7250
-0.0345, 8.4793, 0.9500, 0.7250
-0.1590, 8.4759, 0.9500, 0.7250
-0.2834, 8.4728, 0.9750, 0.7000
-0.4078, 8.4697, 0.9750, 0.7000
-0.5322, 8.4668, 0.9750, 0.7000
-0.6566, 8.4641, 0.9750, 0.7000
-0.7810, 8.4615, 0.9750, 0.7000
-0.9054, 8.4590, 0.9750, 0.7000
-1.0297, 8.4567, 0.9750, 0.7000
-1.1541, 8.4546, 0.9750, 0.7000
-1.2785, 8.4526, 0.9750, 0.7000
-1.4029, 8.4508, 0.9750, 0.7000
-1.5274, 8.4491, 1.0000, 0.6750
-1.6519, 8.4476, 1.0000, 0.6750
-1.7764, 8.4462, 1.0000, 0.6750
-1.9009, 8.4450, 1.0000, 0.6750
-2.0255, 8.4440, 1.0000, 0.6750
-2.1502, 8.4431, 1.0000, 0.6750
-2.2749, 8.4424, 1.0000, 0.6750
-2.3997, 8.4418, 1.0000, 0.6750
-2.5245, 8.4415, 1.0000, 0.6750
-2.6494, 8.4413, 1.0000, 0.6750
-2.7744, 8.4412, 1.0000, 0.6750
-2.8995, 8.4413, 1.0000, 0.6750
-3.0247, 8.4417, 1.0000, 0.6750
-3.1500, 8.4421, 1.0000, 0.6750
-3.2753, 8.4428, 1.0000, 0.6750
-3.4008, 8.4436, 1.0000, 0.6750
-3.5264, 8.4446, 1.0000, 0.6750
-3.6521, 8.4458, 1.0000, 0.6750
-3.7780, 8.4472, 1.0000, 0.6750
-3.9040, 8.4487, 1.0000, 0.6750
-4.0301, 8.4505, 0.9750, 0.7000
-4.1563, 8.4524, 0.9750, 0.7000
-4.2827, 8.4544, 0.9750, 0.7000
-4.4091, 8.4566, 0.9750, 0.7000
-4.5357, 8.4590, 0.9750, 0.7000
-4.6624, 8.4614, 0.9750, 0.7000
-4.7892, 8.4640, 0.9750, 0.7000
-4.9161, 8.4666, 0.9750, 0.7000
-5.0431, 8.4693, 0.9750, 0.7000
-5.1702, 8.4721, 0.9750, 0.7000
-5.2973, 8.4749, 0.9750, 0.7250
-5.4245, 8.4778, 0.9500, 0.7250
-5.5518, 8.4807, 0.9500, 0.7250
-5.6792, 8.4836, 0.9500, 0.7250
-5.8066, 8.4866, 0.9500, 0.7250
-5.9340, 8.4895, 0.9500, 0.7250
-6.0615, 8.4924, 0.9500, 0.7250
-6.1891, 8.4952, 0.9500, 0.7250
-6.3166, 8.4980, 0.9500, 0.7250
-6.4443, 8.5007, 0.9250, 0.7500
-6.5719, 8.5034, 0.9250, 0.7500
-6.6995, 8.5059, 0.9250, 0.7500
-6.8272, 8.5084, 0.9250, 0.7500
-6.9548, 8.5107, 0.9250, 0.7500
-7.0825, 8.5129, 0.9250, 0.7500
-7.2102, 8.5150, 0.9250, 0.7500
-7.3378, 8.5169, 0.9250, 0.7500
-7.4655, 8.5187, 0.9250, 0.7500
-7.5931, 8.5202, 0.9250, 0.7500
-7.7207, 8.5216, 0.9250, 0.7500
-7.8482, 8.5228, 0.9250, 0.7500
-7.9757, 8.5237, 0.9250, 0.7500
-8.1032, 8.5244, 0.9250, 0.7500
-8.2306, 8.5249, 0.9250, 0.7500
-8.3580, 8.5251, 0.9000, 0.7750
-8.4853, 8.5251, 0.9000, 0.7750
-8.6125, 8.5247, 0.9250, 0.7500
-8.7397, 8.5241, 0.9250, 0.7500
-8.8668, 8.5231, 0.9250, 0.7500
-8.9938, 8.5218, 0.9250, 0.7500
-9.1207, 8.5202, 0.9250, 0.7500
-9.2475, 8.5183, 0.9250, 0.7500
-9.3743, 8.5159, 0.9250, 0.7500
-9.5009, 8.5132, 0.9250, 0.7500
-9.6274, 8.5102, 0.9250, 0.7500
-9.7538, 8.5067, 0.9250, 0.7500
-9.8800, 8.5028, 0.9250, 0.7500
-10.0062, 8.4984, 0.9500, 0.7250
-10.1322, 8.4937, 0.9500, 0.7250
-10.2581, 8.4885, 0.9500, 0.7250
-10.3838, 8.4828, 0.9500, 0.7250
-10.5094, 8.4766, 0.9500, 0.7250
-10.6348, 8.4699, 0.9750, 0.7000
-10.7601, 8.4628, 0.9750, 0.7000
-10.8852, 8.4551, 0.9750, 0.7000
-11.0101, 8.4469, 1.0000, 0.6750
-11.1348, 8.4381, 1.0000, 0.6750
-11.2594, 8.4288, 1.0000, 0.6750
-11.3838, 8.4189, 1.0250, 0.6500
-11.5079, 8.4085, 1.0250, 0.6500
-11.6319, 8.3974, 1.0500, 0.6500
-11.7557, 8.3857, 1.0500, 0.6250
-11.8792, 8.3734, 1.0750, 0.6250
-12.0022, 8.3602, 1.0750, 0.6000
-12.1242, 8.3456, 1.1000, 0.6000
-12.2447, 8.3293, 1.1250, 0.5750
-12.3633, 8.3108, 1.1500, 0.5500
-12.4794, 8.2897, 1.1750, 0.5250
-12.5927, 8.2655, 1.2000, 0.5250
-12.7025, 8.2379, 1.3000, 0.5000
-12.8086, 8.2064, 1.3500, 0.4750
-12.9102, 8.1706, 1.4000, 0.4250
-13.0071, 8.1301, 1.5000, 0.4000
-13.0988, 8.0844, 1.6000, 0.4750
-13.1847, 8.0331, 1.7250, 0.5750
-13.2643, 7.9758, 1.9250, 0.6500
-13.3373, 7.9121, 1.6500, 0.6750
-13.4032, 7.8416, 1.4000, 0.7000
-13.4614, 7.7638, 1.2250, 0.7250
-13.5123, 7.6789, 1.1000, 0.7250
-13.5562, 7.5875, 1.0250, 0.7500
-13.5937, 7.4899, 0.9500, 0.7750
-13.6253, 7.3867, 0.9000, 0.8000
-13.6515, 7.2783, 0.8500, 0.8000
-13.6727, 7.1653, 0.8250, 0.8250
-13.6895, 7.0480, 0.8000, 0.8250
-13.7025, 6.9270, 0.8000, 0.8500
-13.7120, 6.8027, 0.7750, 0.8500
-13.7185, 6.6756, 0.7750, 0.8500
-13.7227, 6.5461, 0.7750, 0.8500
-13.7249, 6.4149, 0.7750, 0.8500
-13.7257, 6.2822, 0.7500, 0.8750
-13.7256, 6.1487, 0.7500, 0.8750
-13.7251, 6.0147, 0.7500, 0.8750
-13.7246, 5.8807, 0.7750, 0.8500
-13.7241, 5.7467, 0.7750, 0.8500
-13.7237, 5.6128, 0.7750, 0.8500
-13.7233, 5.4790, 0.7750, 0.8500
-13.7229, 5.3452, 0.7750, 0.8500
-13.7226, 5.2115, 0.7750, 0.8500
-13.7222, 5.0779, 0.7750, 0.8500
-13.7219, 4.9444, 1.5750, 1.8500
-13.7215, 4.8110, 1.5750, 1.8500
-13.7210, 4.6776, 1.5750, 1.8500
-13.7205, 4.5444, 1.5750, 1.8500
-13.7200, 4.4113, 1.5750, 1.8500
-13.7193, 4.2783, 1.5750, 1.8500
-13.7186, 4.1455, 1.5750, 1.8500
-13.7178, 4.0127, 1.5750, 1.8500
-13.7168, 3.8802, 1.5750, 1.8500
-13.7157, 3.7477, 1.5750, 1.8500
-13.7145, 3.6154, 1.5750, 1.8500
-13.7131, 3.4833, 0.7750, 1.8500
-13.7115, 3.3513, 0.7750, 0.8000
-13.7098, 3.2195, 0.7750, 0.8000
-13.7078, 3.0879, 0.7750, 0.8000
-13.7057, 2.9565, 0.7750, 0.8000
-13.7033, 2.8252, 0.7750, 0.8000
-13.7007, 2.6942, 0.7750, 0.8000
-13.6978, 2.5633, 0.8000, 0.7750
-13.6947, 2.4327, 0.8000, 0.7750
-13.6913, 2.3022, 0.8000, 0.7750
-13.6876, 2.1720, 0.8000, 0.7750
-13.6836, 2.0420, 0.8000, 0.7750
-13.6793, 1.9123, 0.8000, 0.7750
-13.6744, 1.7831, 0.8250, 0.7750
-13.6685, 1.6548, 0.8250, 0.7500
-13.6610, 1.5278, 0.8250, 0.7500
-13.6517, 1.4026, 0.8500, 0.7500
-13.6400, 1.2796, 0.8500, 0.7250
-13.6254, 1.1593, 0.8750, 0.7250
-13.6076, 1.0419, 0.9000, 0.7000
-13.5861, 0.9280, 0.9250, 0.7000
-13.5605, 0.8181, 0.9500, 0.6750
-13.5303, 0.7124, 1.0000, 0.6500
-13.4950, 0.6114, 1.0750, 0.6250
-13.4543, 0.5157, 1.1500, 0.6000
-13.4076, 0.4255, 1.2500, 0.5750
-13.3545, 0.3413, 1.3750, 0.5250
-13.2947, 0.2635, 1.5500, 0.5000
-13.2279, 0.1923, 1.7750, 0.5500
-13.1545, 0.1274, 1.5500, 0.6500
-13.0749, 0.0684, 1.4000, 0.6750
-12.9896, 0.0150, 1.2750, 0.7250
-12.8989, -0.0332, 1.1750, 0.7500
-12.8033, -0.0764, 1.1000, 0.7750
-12.7030, -0.1151, 1.0250, 0.8000
-12.5987, -0.1496, 0.9750, 0.8250
-12.4906, -0.1802, 0.8750, 0.8500
-12.3792, -0.2073, 0.8500, 0.8750
-12.2648, -0.2312, 0.8250, 0.8750
-12.1480, -0.2522, 0.8000, 0.9000
-12.0290, -0.2708, 0.7750, 0.9250
-11.9084, -0.2872, 0.7500, 0.9250
-11.7864, -0.3018, 0.7500, 0.9500
-11.6635, -0.3149, 0.7250, 0.9500
-11.5401, -0.3268, 0.7250, 0.9750
-11.4160, -0.3375, 0.7000, 0.9750
-11.2913, -0.3470, 0.7000, 0.9750
-11.1662, -0.3554, 0.6750, 1.0000
-11.0405, -0.3627, 0.6750, 1.0000
-10.9144, -0.3690, 0.6750, 1.0000
-10.7878, -0.3743, 0.6750, 1.0250
-10.6607, -0.3787, 0.6500, 1.0250
-10.5333, -0.3822, 0.6500, 1.0250
-10.4055, -0.3848, 0.6500, 1.0250
-10.2774, -0.3866, 0.6500, 1.0250
-10.1490, -0.3875, 0.6500, 1.0250
-10.0203, -0.3878, 0.6500, 1.0250
-9.8914, -0.3873, 0.6500, 1.0250
-9.7622, -0.3862, 0.6500, 1.0250
-9.6329, -0.3845, 0.6500, 1.0250
-9.5033, -0.3822, 0.6500, 1.0250
-9.3737, -0.3794, 0.6500, 1.0250
-9.2439, -0.3761, 0.6500, 1.0250
-9.1140, -0.3723, 0.6750, 1.0000
-8.9841, -0.3681, 0.6750, 1.0000
-8.8542, -0.3635, 0.6750, 1.0000
-8.7243, -0.3586, 0.6750, 1.0000
-8.5944, -0.3535, 0.6750, 1.0000
-8.4645, -0.3481, 0.7000, 0.9750
-8.3348, -0.3424, 0.7000, 0.9750
-8.2052, -0.3366, 0.7000, 0.9750
-8.0757, -0.3307, 0.7000, 0.9750
-7.9464, -0.3247, 0.7250, 0.9750
-7.8173, -0.3187, 0.7250, 0.9500
-7.6884, -0.3127, 0.7250, 0.9500
-7.5598, -0.3067, 0.7250, 0.9500
-7.4314, -0.3008, 0.7500, 0.9500
-7.3033, -0.2949, 0.7500, 0.9250
-7.1754, -0.2890, 0.7500, 0.9250
-7.0478, -0.2832, 0.7500, 0.9250
-6.9203, -0.2774, 0.7500, 0.9250
-6.7931, -0.2717, 0.7750, 0.9000
-6.6662, -0.2661, 0.7750, 0.9000
-6.5394, -0.2605, 0.7750, 0.9000
-6.4128, -0.2549, 0.7750, 0.9000
-6.2865, -0.2494, 0.8000, 0.9000
-6.1603, -0.2440, 0.8000, 0.8750
-6.0343, -0.2386, 0.8000, 0.8750
-5.9085, -0.2333, 0.8000, 0.8750
-5.7829, -0.2280, 0.8000, 0.8750
-5.6574, -0.2228, 0.8250, 0.8500
-5.5321, -0.2177, 0.8250, 0.8500
-5.4070, -0.2126, 0.8250, 0.8500
-5.2820, -0.2076, 0.8250, 0.8500
-5.1572, -0.2026, 0.8250, 0.8500
-5.0325, -0.1977, 0.8500, 0.8250
-4.9079, -0.1929, 0.8500, 0.8250
-4.7835, -0.1882, 0.8500, 0.8250
-4.6592, -0.1835, 0.8500, 0.8250
-4.5350, -0.1789, 0.8500, 0.8250
-4.4109, -0.1743, 0.8750, 0.8000
-4.2869, -0.1699, 0.8750, 0.8000
-4.1631, -0.1655, 0.8750, 0.8000
-4.0393, -0.1612, 0.8750, 0.8000
-3.9156, -0.1569, 0.8750, 0.8000
-3.7920, -0.1528, 0.8750, 0.8000
-3.6685, -0.1487, 0.9000, 0.7750
-3.5450, -0.1447, 0.9000, 0.7750
-3.4216, -0.1408, 0.9000, 0.7750
-3.2983, -0.1369, 0.9000, 0.7750
-3.1750, -0.1332, 0.9000, 0.7750
-3.0518, -0.1295, 0.9000, 0.7750
-2.9286, -0.1260, 0.9000, 0.7750
-2.8054, -0.1225, 0.9250, 0.7500
-2.6823, -0.1191, 0.9250, 0.7500
-2.5592, -0.1158, 0.9250, 0.7500
-2.4361, -0.1125, 0.9250, 0.7500
-2.3130, -0.1094, 0.9250, 0.7500
-2.1899, -0.1064, 0.9250, 0.7500
-2.0669, -0.1034, 0.9250, 0.7500
-1.9438, -0.1006, 0.9250, 0.7500
-1.8207, -0.0978, 0.9500, 0.7250
-1.6976, -0.0952, 0.9500, 0.7250
-1.5745, -0.0927, 0.9500, 0.7250
-1.4513, -0.0902, 0.9500, 0.7250
-1.3281, -0.0879, 0.9500, 0.7250
-1.2049, -0.0856, 0.9500, 0.7250
-1.0816, -0.0835, 0.9500, 0.7250
-0.9583, -0.0814, 0.9500, 0.7250
-0.8349, -0.0795, 0.9500, 0.7250
-0.7114, -0.0777, 0.9500, 0.7250
-0.5879, -0.0760, 0.9500, 0.7250
-0.4643, -0.0744, 0.9750, 0.7000
-0.3406, -0.0729, 0.9750, 0.7000
-0.2168, -0.0715, 0.9750, 0.7000
-0.0930, -0.0702, 0.9750, 0.7000
